Mol,SMILES,MW,QED,LogP,HBD,HBA,RotBonds,Rings,SA,Toxic
Mol 7,COc1cc2ncnc(Nc3ccc(F)c(Cl)c3)c2cc1OCCN1CCNCC1,431.89900000000034,0.5931897000355192,3.4585000000000017,2,7,7,4,1.2137980000000008,False
Mol 5,COc1cc2ncnc(Nc3ccc(F)cc3)c2cc1OCCCN1CCOCC1,412.4650000000004,0.5668787802789149,3.622200000000002,1,7,8,4,1.2249300000000007,False
Mol 6,COc1cc2ncnc(Nc3ccc(Cl)cc3)c2cc1OCCCN1CCOCC1,428.9200000000004,0.5405896698058329,4.1365000000000025,1,7,8,4,1.257840000000001,False
Mol 1,COc1cc2ncnc(Nc3ccc(F)c(Cl)c3)c2cc1OCCCN1CCOCC1,446.9100000000004,0.517854527865434,4.275600000000003,1,7,8,4,1.2938200000000009,False
Mol 9,COc1cc2ncnc(Nc3ccc(F)c(Cl)c3)c2cc1OCCCN1CCN(CC1)C,459.95300000000043,0.5065425549922015,4.190800000000003,1,7,8,4,1.319906000000001,False
